{
    "world_to_ecef": [
        [
            0.846617444,
            0.323463078,
            -0.422623402,
            -2698767.44
        ],
        [
            -0.532201938,
            0.514559352,
            -0.672301845,
            -4293151.58
        ],
        [
            -3.05311332e-16,
            0.794103464,
            0.6077826,
            3855164.76
        ],
        [
            0.0,
            0.0,
            0.0,
            1.0
        ]
    ],
    "ecef_to_aerial": [
        [
            -7.17416495e-01,
            -1.14606296e+00,
            -1.62854453e+00,
            -5.72869824e+05
        ],
        [
            1.80065798e+00,
            -1.08914046e+00,
            -2.87877303e-02,
            3.00171963e+05
        ],
        [
            0.00000000e+00,
            0.00000000e+00,
            0.00000000e+00,
            0.00000000e+00
        ],
        [
            0.00000000e+00,
            0.00000000e+00,
            0.00000000e+00,
            1.00000000e+00
        ]
    ]
}

